{
  "doc": "Chateau_Margaux.txt",
  "matches": [
    {
      "start": 21,
      "end": 25,
      "surface": "wine",
      "uri": "http://www.w3.org/TR/2003/PR-owl-guide-20031209/wine#Wine"
    },
    {
      "start": 246,
      "end": 250,
      "surface": "wine",
      "uri": "http://www.w3.org/TR/2003/PR-owl-guide-20031209/wine#Wine"
    },
    {
      "start": 49,
      "end": 55,
      "surface": "region",
      "uri": "http://www.w3.org/TR/2003/PR-owl-guide-20031209/wine#Region"
    },
    {
      "start": 8,
      "end": 15,
      "surface": "Margaux",
      "uri": "http://www.w3.org/TR/2003/PR-owl-guide-20031209/wine#Margaux"
    },
    {
      "start": 40,
      "end": 55,
      "surface": "Bordeaux region",
      "uri": "http://www.w3.org/TR/2003/PR-owl-guide-20031209/wine#BordeauxRegion"
    },
    {
      "start": 217,
      "end": 223,
      "surface": "Merlot",
      "uri": "http://www.w3.org/TR/2003/PR-owl-guide-20031209/wine#Merlot"
    },
    {
      "start": 86,
      "end": 104,
      "surface": "Cabernet Sauvignon",
      "uri": "http://www.w3.org/TR/2003/PR-owl-guide-20031209/wine#CabernetSauvignon"
    },
    {
      "start": 186,
      "end": 204,
      "surface": "Cabernet Sauvignon",
      "uri": "http://www.w3.org/TR/2003/PR-owl-guide-20031209/wine#CabernetSauvignon"
    },
    {
      "start": 40,
      "end": 48,
      "surface": "Bordeaux",
      "uri": "http://www.w3.org/TR/2003/PR-owl-guide-20031209/wine#Bordeaux"
    }
  ]
}